Repetition,EMG_1,EMG_2,EMG_3,EMG_4,EMG_5,EMG_6,EMG_7,EMG_8,EMG_9,EMG_10,EMG_11,EMG_12
1,0.00016472795195630327,0.00013840672257479607,7.30590586071658e-05,0.0001254811448806109,2.4821569762267773e-05,6.018632392037834e-05,0.00023715852042701898,0.00010589900193158584,7.12232162715906e-05,0.00030359605755043,1.823172299202069e-05,8.992002103047187e-05
2,9.676275313578509e-05,0.00012716630485841624,4.8868483611644505e-05,8.259856350200675e-05,1.655168802004972e-05,3.0711559496640523e-05,0.00018363808631490034,8.77090791177528e-05,4.9509853476387e-05,0.00021285991457990018,1.713639896145587e-05,7.729659996135025e-05
3,0.00017919628599816098,0.00014265161479334876,5.990298440523517e-05,6.73893460774299e-05,2.1927475422921217e-05,5.2503285608270434e-05,0.0002597205367715629,8.411758001018743e-05,5.308684980336962e-05,0.0003354293961924867,2.1525076054931794e-05,9.61716630627479e-05
4,0.00015854872918538978,0.00014751427120030598,6.266800639807978e-05,9.294141845808245e-05,2.0481326452518297e-05,4.1422926134464194e-05,0.00020445147329964156,9.07999967721978e-05,5.645879875223005e-05,0.0002459148873087746,2.0916971419815797e-05,0.00010161469034347866
5,0.0001770003046674574,0.0001530582454537354,6.0387614954655445e-05,8.053772135573562e-05,2.1538582831990965e-05,4.301706610699471e-05,0.0002027072675470055,8.679290183463158e-05,5.1457152061967854e-05,0.0002761038808662749,2.144965433764741e-05,0.00010570292065338248
6,0.00011009934308984316,0.0001443883526781763,6.933894537862917e-05,0.0001310259302503765,2.2343487571713438e-05,4.889140039088992e-05,0.0002297690813176271,0.00010712897455734518,6.918687484038489e-05,0.00026958975034700527,2.2906697805826296e-05,8.577626546491019e-05
