Repetition,EMG_1,EMG_2,EMG_3,EMG_4,EMG_5,EMG_6,EMG_7,EMG_8,EMG_9,EMG_10,EMG_11,EMG_12
1,4.778524006696184e-05,2.4835181267065016e-05,6.827916910787082e-05,4.524021980687364e-05,1.981607942124498e-05,1.0914582469056913e-05,4.0440847507192205e-05,0.0001231891329451887,7.553181562854792e-05,4.595634068641965e-05,1.3598099011768932e-05,6.6856961748526175e-06
2,3.740243335601647e-05,2.3724236083627425e-05,7.19260526908611e-05,4.355468128616715e-05,1.8257702588353146e-05,9.802433928031347e-06,3.926717192136152e-05,0.00011028223071936137,7.227853548944882e-05,4.507319804530743e-05,1.4594784511325761e-05,9.005213865225935e-06
3,4.1011900454019044e-05,2.395991566420551e-05,7.279115053570043e-05,3.700719749125288e-05,1.7157550403829652e-05,9.265060785650898e-06,3.5599924335771385e-05,0.00011279128859851696,7.809852521571988e-05,4.326882948085693e-05,1.6278762710694877e-05,6.079052637679966e-06
4,3.4839001828108075e-05,2.3051882666373816e-05,6.894100987378731e-05,4.029156227521674e-05,1.5815883911956053e-05,1.1299499577175916e-05,4.28753765436004e-05,0.00012040066421962186,7.766729589119742e-05,4.982014543403161e-05,1.85545157877452e-05,5.653721756241686e-06
5,4.1080046882792665e-05,2.306711923150503e-05,7.244181227460071e-05,4.407261691891115e-05,1.7676626043904398e-05,1.2004357771516122e-05,3.6754086363540364e-05,0.00011519679061570733,8.938292257694854e-05,4.7570790841308734e-05,2.0047344242556945e-05,4.9972942767808945e-06
6,5.107878489091586e-05,2.7195202822881384e-05,9.131983531741398e-05,6.119735413505585e-05,2.184676252465017e-05,1.1808917473090913e-05,4.705402731076579e-05,0.00013029523770429329,0.00010634202795732971,5.3484808380378477e-05,1.8003166065097593e-05,5.010644071568007e-06
